,id,ratio,b_avg,b_per,r_avg,r_per,radius
0,1011872,0.6646482927209749,10.133777618408203,39.92725043646093,15.246827125549316,60.07274956353907,6
1,1011872,0.6646482927209749,10.133777618408203,39.92725043646093,15.246827125549316,60.07274956353907,6
2,1011872,0.6341390264659862,8.247262954711914,38.80569622263932,13.005449295043945,61.19430377736068,6
3,1011872,0.6904601399402557,5.805045127868652,40.84450875988463,8.407502174377441,59.15549124011537,6
4,1011872,0.7334937334519912,3.2887461185455322,42.31303057504275,4.483673095703125,57.68696942495725,6
5,1011872,0.5841910885052748,1.561253547668457,36.87630190222028,2.6725049018859863,63.12369809777972,6
6,249669,1.056606198348362,509.84912109375,51.37620411709888,482.53466796875,48.62379588290112,6
7,249669,1.056606198348362,509.84912109375,51.37620411709888,482.53466796875,48.62379588290112,6
8,249669,1.0621143798841473,447.59619140625,51.50608473734704,421.4199523925781,48.49391526265296,6
9,249669,0.8049964529272402,244.93316650390625,44.598229078054025,304.2661437988281,55.401770921945975,6
10,249669,0.6366439569824067,112.38821411132812,38.8993558596722,176.53228759765625,61.1006441403278,6
11,249669,0.45255083892950204,43.175819396972656,31.15559378720417,95.40545654296875,68.84440621279583,6
12,298256,0.5934603744811805,13.190057754516602,37.243497484172266,22.225675582885742,62.756502515827734,5
13,298256,0.5159890741244599,8.977803230285645,34.03646391201485,17.399211883544922,65.96353608798515,5
14,298256,0.43652989030556105,5.724383354187012,30.387804197565828,13.113382339477539,69.61219580243417,5
15,298256,0.5602299548810908,4.300843715667725,35.90688366983618,7.6769256591796875,64.09311633016382,5
16,298256,0.40740275594448094,1.5514638423919678,28.947133592265903,3.8081820011138916,71.0528664077341,5
17,301078,0.8200233148029278,17.765413284301758,45.055648910284425,21.664522171020508,54.944351089715575,5
18,301078,0.669764441568528,12.974509239196777,40.111313002891045,19.371749877929688,59.888686997108955,5
19,301078,0.5438572939144731,8.136529922485352,35.227173914210354,14.96078109741211,64.77282608578965,5
20,301078,0.3587715644942003,3.5720458030700684,26.404111910286566,9.956323623657227,73.59588808971343,5
21,301078,0.3209287300327801,1.907182216644287,24.295688536111708,5.942697048187256,75.70431146388829,5
22,316931,0.6509802730010138,52.71474075317383,39.429924369581734,80.97747802734375,60.570075630418266,6
23,316931,0.5408412780412968,34.265838623046875,35.10038871289905,63.35655212402344,64.89961128710095,6
24,316931,0.34501311517414807,15.234784126281738,25.65128259953635,44.1571159362793,74.34871740046364,6
25,316931,0.2596324686077615,7.187323570251465,20.611763754766216,27.68268394470215,79.38823624523378,6
26,316931,0.2304967117975449,3.8098909854888916,18.73200550538885,16.5290470123291,81.26799449461114,6
27,316931,0.20377012844597456,2.4875214099884033,16.927661156456402,12.207488059997559,83.0723388435436,6
28,317570,0.5616802061685316,14.885618209838867,35.966403617714604,26.50194549560547,64.0335963822854,5
29,317570,0.47300982266246594,9.716813087463379,32.11179011742776,20.542518615722656,67.88820988257224,5
30,317570,0.3963828788312011,6.074978828430176,28.386403531600237,15.326037406921387,71.61359646839976,5
31,317570,0.36029520127779957,4.089478492736816,26.486545048409685,11.35035514831543,73.51345495159032,5
32,317570,0.4436427150801893,3.415566921234131,30.730783347287318,7.69891357421875,69.26921665271269,5
33,317720,0.324403741866009,37.637813568115234,24.49432386901465,116.02151489257812,75.50567613098535,5
34,317720,0.324403741866009,37.637813568115234,24.49432386901465,116.02151489257812,75.50567613098535,5
35,317720,0.2920845045126014,30.596553802490234,22.60568124549881,104.75240325927734,77.39431875450119,5
36,317720,0.2570169442941399,21.43903923034668,20.446577547008655,83.41488647460938,79.55342245299134,5
37,317720,0.23206345894281546,14.178606033325195,18.835349531584995,61.09796905517578,81.164650468415,5
38,348345,0.840409429470432,70.32694244384766,45.664264484466116,83.6817626953125,54.335735515533884,4
39,348345,0.840409429470432,70.32694244384766,45.664264484466116,83.6817626953125,54.335735515533884,4
40,348345,0.7363426522425494,46.2289924621582,42.40768095465121,62.78190231323242,57.59231904534879,4
41,348345,0.5906263524136172,24.354185104370117,37.13168410151136,41.23450469970703,62.86831589848864,4
42,348646,0.31701076349292256,15.274480819702148,24.07047628465537,48.18284606933594,75.92952371534463,6
43,348646,0.31701076349292256,15.274480819702148,24.07047628465537,48.18284606933594,75.92952371534463,6
44,348646,0.28438779546374354,12.065058708190918,22.141894875376167,42.4246711730957,77.85810512462383,6
45,348646,0.2732464750575758,9.291874885559082,21.460611155056974,34.005470275878906,78.53938884494302,6
46,348646,0.2338393315100761,6.410462856292725,18.952170314094616,27.413963317871094,81.04782968590538,6
47,348646,0.2468564211315482,4.903680801391602,19.798303713872752,19.864505767822266,80.20169628612724,6
48,418640,0.3652417119078287,18.00796127319336,26.752897213888176,49.304229736328125,73.24710278611182,9
49,418640,0.3652417119078287,18.00796127319336,26.752897213888176,49.304229736328125,73.24710278611182,9
50,418640,0.3553599120028244,15.178171157836914,26.21885957049642,42.71210861206055,73.78114042950358,9
51,418640,0.3530625185740826,12.71209716796875,26.09358501380672,36.00522994995117,73.90641498619328,9
52,418640,0.3339914234185352,10.106351852416992,25.036999305635458,30.259315490722656,74.96300069436454,9
53,418640,0.3202789115387974,8.044755935668945,24.25842818056598,25.117969512939453,75.74157181943401,9
54,418640,0.29162002272247767,5.739320755004883,22.577849335890658,19.680818557739258,77.42215066410934,9
55,418640,0.2975654987555398,4.3146514892578125,22.93259947501123,14.499837875366211,77.06740052498877,9
56,418640,0.30850165591714296,2.9851560592651367,23.576711158298902,9.676304817199707,76.4232888417011,9
57,419317,1.287319437068359,350.8577575683594,56.28070203951518,272.5491027832031,43.71929796048482,6
58,419317,1.0674622910605227,248.27865600585938,51.63152409967094,232.58775329589844,48.36847590032906,6
59,419317,0.8734072536454957,155.83958435058594,46.62132336393581,178.4271697998047,53.37867663606419,6
60,419317,0.7063998756799044,93.36076354980469,41.39708902630128,132.1641845703125,58.60291097369872,6
61,419317,0.567743964696942,52.49031448364258,36.21407433111641,92.4542007446289,63.78592566888359,6
62,419317,0.46038496804787477,29.806642532348633,31.524904605343917,64.74286651611328,68.47509539465608,6
63,423348,0.3305455060599827,4.203401565551758,24.84285614843761,12.716559410095215,75.1571438515624,7
64,423348,0.3620496489309711,5.892166614532471,26.58123727098584,16.274471282958984,73.41876272901416,7
65,423348,0.31230958122291064,4.646668910980225,23.798468417176124,14.878406524658203,76.20153158282388,7
66,423348,0.26574974519967165,3.323146104812622,20.995441334870637,12.50479507446289,79.00455866512937,7
67,423348,0.25728058378311935,2.3794150352478027,20.463259124623548,9.248327255249023,79.53674087537645,7
68,423348,0.16508392453226287,1.2479041814804077,14.16927322197307,7.559210777282715,85.83072677802693,7
69,423348,0.21051729281519593,1.105347990989685,17.39068859773279,5.2506279945373535,82.60931140226721,7
70,426798,0.4667467245818122,2.500345230102539,31.821903315644867,5.356963634490967,68.17809668435513,7
71,426798,0.4667467245818122,2.500345230102539,31.821903315644867,5.356963634490967,68.17809668435513,7
72,426798,0.5857739588373299,1.9333767890930176,36.939310017854766,3.300550937652588,63.060689982145234,7
73,426798,0.550228240406873,1.7476022243499756,35.49336969003094,3.176140546798706,64.50663030996905,7
74,426798,0.5463989913833974,1.2840447425842285,35.333636042700256,2.350013017654419,64.66636395729974,7
75,426798,0.33922645505035665,0.9095029234886169,25.330029418930597,2.6811084747314453,74.6699705810694,7
76,426798,0.2699766908168401,0.8643656969070435,21.258397320914057,3.2016308307647705,78.74160267908594,7
77,443428,0.854421507550591,28.8918514251709,46.07482732872053,33.814517974853516,53.92517267127947,6
78,443428,0.854421507550591,28.8918514251709,46.07482732872053,33.814517974853516,53.92517267127947,6
79,443428,0.6630615570066197,17.15481948852539,39.86993471246359,25.87213706970215,60.13006528753641,6
80,443428,0.4780186661908295,8.517671585083008,32.3418558320908,17.818700790405273,67.6581441679092,6
81,443428,0.38267517450667254,4.332095623016357,27.67643345033717,11.320555686950684,72.32356654966283,6
82,443428,0.31393294507678193,2.1962077617645264,23.89261539206148,6.995786190032959,76.10738460793851,6
83,443852,0.60449186894578,13.512681007385254,37.674972409985294,22.353784561157227,62.325027590014706,5
84,443852,0.60449186894578,13.512681007385254,37.674972409985294,22.353784561157227,62.325027590014706,5
85,443852,0.5907187972290567,12.23227596282959,37.135337701299306,20.707443237304688,62.864662298700694,5
86,443852,0.6033855724932108,11.001410484313965,37.631969679942074,18.232803344726562,62.368030320057926,5
87,443852,0.6525817732947891,8.871466636657715,39.48862221769046,13.594413757324219,60.51137778230954,5
88,444480,0.6570636310592287,7.0267558097839355,39.65228725943495,10.694178581237793,60.34771274056505,5
89,444480,0.6570636310592287,7.0267558097839355,39.65228725943495,10.694178581237793,60.34771274056505,5
90,444480,0.4548655528801867,4.337157726287842,31.26512631903977,9.535032272338867,68.73487368096023,5
91,444480,0.36678543082528153,1.9149236679077148,26.835626320937006,5.220828056335449,73.16437367906299,5
92,444480,0.2850459398759235,0.8065086603164673,22.181770396741292,2.8293988704681396,77.8182296032587,5
93,446464,0.4183777797914812,15.252412796020508,29.496921465661135,36.456077575683594,70.50307853433887,7
94,446464,0.4183777797914812,15.252412796020508,29.496921465661135,36.456077575683594,70.50307853433887,7
95,446464,0.4068734213339415,11.77746868133545,28.920400027755182,28.946271896362305,71.07959997224482,7
96,446464,0.39575304634876896,9.22156047821045,28.35408795159303,23.301300048828125,71.64591204840697,7
97,446464,0.40557462263955935,7.559519290924072,28.854720063024608,18.639034271240234,71.1452799369754,7
98,446464,0.34667085831804534,5.060011386871338,25.742805391291206,14.596010208129883,74.2571946087088,7
99,446464,0.3399349112699639,3.9262330532073975,25.369509250847138,11.549955368041992,74.63049074915287,7
100,448160,0.6115358132834848,24.573471069335938,37.94739206183001,40.18320846557617,62.05260793816999,6
101,448160,0.6115358132834848,24.573471069335938,37.94739206183001,40.18320846557617,62.05260793816999,6
102,448160,0.5774581843630635,22.35429573059082,36.60687744925715,38.71154022216797,63.39312255074285,6
103,448160,0.5693885185220754,18.772186279296875,36.2809152610776,32.96902847290039,63.7190847389224,6
104,448160,0.5289721066201043,14.195999145507812,34.59658317700986,26.836952209472656,65.40341682299014,6
105,448160,0.48551116103679776,10.581626892089844,32.683104225076306,21.794816970825195,67.3168957749237,6
106,450055,0.39816128647774274,9.576534271240234,28.47749328554171,24.051897048950195,71.52250671445829,6
107,450055,0.3768800786453515,9.037192344665527,27.372033664409347,23.978960037231445,72.62796633559066,6
108,450055,0.35285047854631574,6.883996486663818,26.082001236786024,19.50967025756836,73.91799876321397,6
109,450055,0.2643457691776367,3.8067352771759033,20.907711768559484,14.400590896606445,79.09228823144052,6
110,450055,0.22505090927780605,2.300899028778076,18.37073933608836,10.223904609680176,81.62926066391164,6
111,450055,0.16088363312959741,1.153626799583435,13.858721799348245,7.170566558837891,86.14127820065175,6
112,456796,0.30055806120691875,2.426957845687866,23.10993028085195,8.074838638305664,76.89006971914804,5
113,456796,0.30055806120691875,2.426957845687866,23.10993028085195,8.074838638305664,76.89006971914804,5
114,456796,0.22805300800651288,1.5820540189743042,18.57029024966188,6.937220573425293,81.42970975033812,5
115,456796,0.20720124114735755,1.0978453159332275,17.163769724957184,5.298449516296387,82.83623027504281,5
116,456796,0.23059008278792048,0.970272421836853,18.738171712347555,4.207780361175537,81.26182828765245,5
117,487826,0.323462518224548,91.33541870117188,24.44062553871791,282.36785888671875,75.55937446128209,6
118,487826,0.323462518224548,91.33541870117188,24.44062553871791,282.36785888671875,75.55937446128209,6
119,487826,0.2890564217412569,64.45191192626953,22.423876633018097,222.9734649658203,77.5761233669819,6
120,487826,0.26104872546369823,42.651058197021484,20.700922985169225,163.38351440429688,79.29907701483077,6
121,487826,0.243748287304008,27.470836639404297,19.597879232651266,112.70166015625,80.40212076734873,6
122,487826,0.23723096309546965,18.61893653869629,19.174347407369563,78.48442840576172,80.82565259263043,6
123,516335,0.4032807983252814,17.750999450683594,28.738424897324126,44.016475677490234,71.26157510267588,6
124,516335,0.36288997879421364,11.875099182128906,26.626505766464906,32.723690032958984,73.3734942335351,6
125,516335,0.3228430619503014,6.958563327789307,24.405242861864927,21.554012298583984,75.59475713813508,6
126,516335,0.2838919255846699,4.420862674713135,22.111824206339545,15.572343826293945,77.88817579366045,6
127,516335,0.2773285348813253,2.8601467609405518,21.711605691725307,10.313207626342773,78.28839430827469,6
128,516335,0.31743523165022236,2.0406506061553955,24.094940231149145,6.428557395935059,75.90505976885086,6
129,529855,0.5856810013698935,612.7586669921875,36.93561320744305,1046.2327880859375,63.06438679255695,7
130,529855,0.5174180800779915,461.1606750488281,34.09858409301394,891.2728271484375,65.90141590698606,7
131,529855,0.46207855661304736,320.8133239746094,31.604222257623928,694.2830810546875,68.39577774237607,7
132,529855,0.36830698850002025,183.81271362304688,26.91698512069792,499.0747375488281,73.08301487930208,7
133,529855,0.31318881160285195,105.57349395751953,23.84948827126999,337.0921630859375,76.15051172873001,7
134,529855,0.30178313855554895,66.70024871826172,23.182289708438365,221.0204620361328,76.81771029156164,7
135,529855,0.24325122489484005,35.618896484375,19.56573378123278,146.42843627929688,80.43426621876722,7
136,530967,0.6397457651337262,48.333980560302734,39.014936262485364,75.5518569946289,60.985063737514636,5
137,530967,0.6397457651337262,48.333980560302734,39.014936262485364,75.5518569946289,60.985063737514636,5
138,530967,0.5204510002284372,28.897802352905273,34.23004096483498,55.524539947509766,65.76995903516503,5
139,530967,0.42381446301647197,16.50806999206543,29.766129929498327,38.951171875,70.23387007050167,5
140,530967,0.3490983846376567,8.755003929138184,25.876421513277418,25.078901290893555,74.12357848672258,5
141,533239,0.4854139638048327,60.36225891113281,32.678699381650006,124.35212707519531,67.32130061835,5
142,533239,0.4854139638048327,60.36225891113281,32.678699381650006,124.35212707519531,67.32130061835,5
143,533239,0.4180985962105566,42.45735549926758,29.483041399786995,101.54866790771484,70.516958600213,5
144,533239,0.36425466634113635,27.70531463623047,26.699902542246704,76.06028747558594,73.3000974577533,5
145,533239,0.3456538171364671,18.429624557495117,25.686682022870762,53.31815719604492,74.31331797712924,5
146,547306,0.4403653721169831,7.110596179962158,30.573171269020044,16.147037506103516,69.42682873097995,5
147,547306,0.41636222803164374,6.3560943603515625,29.396592184632983,15.265780448913574,70.60340781536702,5
148,547306,0.30285045685048356,4.001349449157715,23.245220144650798,13.212294578552246,76.7547798553492,5
149,547306,0.24002253663527898,2.181609869003296,19.3563043851255,9.089187622070312,80.6436956148745,5
150,547306,0.12244176702266601,0.6529377102851868,10.908518430087383,5.332638740539551,89.09148156991262,5
151,547496,0.4579073722146478,14.637606620788574,31.408536711016097,31.966304779052734,68.5914632889839,6
152,547496,0.4567485532031076,16.062467575073242,31.35397335379576,35.1669807434082,68.64602664620423,6
153,547496,0.46247764687771037,12.83512020111084,31.622886535398916,27.752952575683594,68.37711346460108,6
154,547496,0.43491781817132297,9.197361946105957,30.309597711009513,21.147356033325195,69.69040228899048,6
155,547496,0.3783214814136225,5.505882263183594,27.447985576312107,14.553448677062988,72.5520144236879,6
156,547496,0.32215765580341693,2.9988820552825928,24.366054561598855,9.308740615844727,75.63394543840114,6
157,551328,0.8737448239226466,268.19366455078125,46.63093996403841,306.9473571777344,53.36906003596159,7
158,551328,0.8737448239226466,268.19366455078125,46.63093996403841,306.9473571777344,53.36906003596159,7
159,551328,0.7167586019543223,199.28231811523438,41.75069233020759,278.0326843261719,58.24930766979241,7
160,551328,0.5589705212134891,121.53356170654297,35.85510525102112,217.42391967773438,64.14489474897887,7
161,551328,0.4113788650602681,66.88748168945312,29.147302346964192,162.5933837890625,70.8526976530358,7
162,551328,0.34428992178168377,42.062400817871094,25.61128490239454,122.17145538330078,74.38871509760546,7
163,551328,0.33277753915207087,31.434219360351562,24.968723539848064,94.46015930175781,75.03127646015193,7
164,560030,0.5070217009873403,6.095075607299805,33.64395487172879,12.021330833435059,66.35604512827122,5
165,560030,0.4857702215092395,5.496956825256348,32.69484167045669,11.315960884094238,67.30515832954332,5
166,560030,0.5158623972050921,4.40026330947876,34.03095150036216,8.529916763305664,65.96904849963784,5
167,560030,0.521742786879752,3.5558557510375977,34.2858721840605,6.815342426300049,65.7141278159395,5
168,560030,0.3683646612538416,1.8805829286575317,26.920065365931524,5.105220794677734,73.07993463406848,5
169,627520,0.6545348042425833,34.8675537109375,39.56005050871189,53.2707405090332,60.43994949128811,6
170,627520,0.6545348042425833,34.8675537109375,39.56005050871189,53.2707405090332,60.43994949128811,6
171,627520,0.5993886772653377,25.67629051208496,37.47611107827666,42.83746337890625,62.52388892172334,6
172,627520,0.5217551904714272,16.027524948120117,34.28640780977338,30.718477249145508,65.71359219022662,6
173,627520,0.4365746561730943,9.22879409790039,30.389973420253003,21.139097213745117,69.610026579747,6
174,627520,0.3809928485507931,5.139831066131592,27.58832885706867,13.490623474121094,72.41167114293133,6
175,643256,0.5190139080699602,17.772573471069336,34.16781803725633,34.24296188354492,65.83218196274366,6
176,643256,0.5190139080699602,17.772573471069336,34.16781803725633,34.24296188354492,65.83218196274366,6
177,643256,0.5048944490962421,15.345846176147461,33.55015691628435,30.394166946411133,66.44984308371565,6
178,643256,0.4803764388996186,12.18606948852539,32.44961391419389,25.36775016784668,67.55038608580611,6
179,643256,0.4536030859526472,9.192460060119629,31.205429483205144,20.265426635742188,68.79457051679485,6
180,643256,0.43832871904497483,6.387570858001709,30.474863863944638,14.572558403015137,69.52513613605537,6
181,729517,0.3641375338025831,12.094400405883789,26.69360858267249,33.21382522583008,73.30639141732752,5
182,729517,0.31892702054512095,9.780847549438477,24.180793597913127,30.667980194091797,75.81920640208688,5
183,729517,0.2725575030496402,6.67377233505249,21.41808935128397,24.485740661621094,78.58191064871603,5
184,729517,0.2193543936112115,3.964608669281006,17.989388053261255,18.07398796081543,82.01061194673875,5
185,729517,0.18504839230758968,2.235783576965332,15.615260398544025,12.08215618133545,84.38473960145598,5
186,739711,0.5020888915343537,23.13582992553711,33.42604384894158,46.07915115356445,66.57395615105841,5
187,739711,0.470608022852382,20.53054428100586,32.00091496438281,43.625572204589844,67.9990850356172,5
188,739711,0.3910225311330059,12.094029426574707,28.110438356056893,30.92923927307129,71.88956164394311,5
189,739711,0.2871256623862035,5.397850513458252,22.307508177088238,18.799610137939453,77.69249182291176,5
190,739711,0.21581004176088778,2.4291863441467285,17.75030920523775,11.256132125854492,82.24969079476224,5
191,753422,0.8165962374863737,15.532394409179688,44.95199431967881,19.020898818969727,55.04800568032119,6
192,753422,0.8165962374863737,15.532394409179688,44.95199431967881,19.020898818969727,55.04800568032119,6
193,753422,0.6689244858083898,10.437410354614258,40.08117152672595,15.603271484375,59.91882847327405,6
194,753422,0.5266345538080723,5.936858177185059,34.4964387511355,11.273202896118164,65.5035612488645,6
195,753422,0.3943968214258088,3.4474287033081055,28.284403361055233,8.741015434265137,71.71559663894477,6
196,753422,0.3874767936604905,2.5610995292663574,27.926722481479164,6.609684944152832,72.07327751852084,6
197,759837,0.3967570179821588,11.678577423095703,28.405586145207877,29.435087203979492,71.59441385479212,6
198,759837,0.31704315955542,7.840388298034668,24.072343966498472,24.729719161987305,75.92765603350153,6
199,759837,0.30493447884796676,6.017253398895264,23.36779997698977,19.732938766479492,76.63220002301023,6
200,759837,0.29852541726592674,4.25651216506958,22.989570577253577,14.258458137512207,77.01042942274643,6
201,759837,0.29185678891215616,3.0274622440338135,22.59203894867652,10.373108863830566,77.40796105132348,6
202,759837,0.2833139157891562,2.069463014602661,22.076743055882492,7.304487705230713,77.92325694411751,6
203,761339,0.5292801191004944,24.81565284729004,34.60975608653116,46.88566970825195,65.39024391346884,5
204,761339,0.5292801191004944,24.81565284729004,34.60975608653116,46.88566970825195,65.39024391346884,5
205,761339,0.4260691374295912,15.92313289642334,29.877172589090364,37.3721809387207,70.12282741090964,5
206,761339,0.32385006711230646,8.905694007873535,24.462745076465914,27.499435424804688,75.53725492353409,5
207,761339,0.2675157636344571,4.384237766265869,21.105517683455556,16.388708114624023,78.89448231654444,5
208,763207,0.6658235399436113,135.90370178222656,39.96963207556484,204.1136932373047,60.03036792443516,5
209,763207,0.6658235399436113,135.90370178222656,39.96963207556484,204.1136932373047,60.03036792443516,5
210,763207,0.6638560723469468,93.59706115722656,39.89864768835123,140.989990234375,60.10135231164877,5
211,763207,0.5235078762145965,46.96250915527344,34.36200654999809,89.70735931396484,65.6379934500019,5
212,763207,0.41109225272972316,21.3572998046875,29.132911185252087,51.952571868896484,70.86708881474792,5
213,768111,0.34250522088614155,51.51752853393555,25.51239396000752,150.41384887695312,74.48760603999249,6
214,768111,0.34250522088614155,51.51752853393555,25.51239396000752,150.41384887695312,74.48760603999249,6
215,768111,0.3210018969478098,41.597557067871094,24.299881604219372,129.58663940429688,75.70011839578062,6
216,768111,0.3056932152709276,30.216358184814453,23.41233083665041,98.84536743164062,76.58766916334959,6
217,768111,0.27981143900092537,19.30733299255371,21.863489454302574,69.00122833251953,78.13651054569742,6
218,768111,0.24979315788118625,11.732429504394531,19.986759913509886,46.96857833862305,80.01324008649011,6
219,768966,0.33863786032289295,15.887057304382324,25.297197274938128,46.91459274291992,74.70280272506187,5
220,768966,0.33863786032289295,15.887057304382324,25.297197274938128,46.91459274291992,74.70280272506187,5
221,768966,0.29816904347755613,11.227598190307617,22.968429649101484,37.65514373779297,77.03157035089852,5
222,768966,0.2626621156977531,6.875250816345215,20.80224887024545,26.17526626586914,79.19775112975455,5
223,768966,0.24025019176329376,4.180037975311279,19.371107003960567,17.3986873626709,80.62889299603943,5
224,786830,0.4504349976041921,172.1853485107422,31.055166094875965,382.26458740234375,68.94483390512403,9
225,786830,0.3861364757506984,148.3435516357422,27.857031577036896,384.17388916015625,72.14296842296311,9
226,786830,0.316073246349959,108.74250793457031,24.01638717499706,344.0421142578125,75.98361282500294,9
227,786830,0.26271789200928125,72.07518005371094,20.805747164256562,274.3443908691406,79.19425283574344,9
228,786830,0.2279792470585142,47.10028076171875,18.565399016686378,206.59898376464844,81.43460098331362,9
229,786830,0.2140731682830715,32.50421905517578,17.63264141532848,151.8369598388672,82.36735858467152,9
230,786830,0.21287721170762677,24.036195755004883,17.551423149249707,112.91107940673828,82.4485768507503,9
231,786830,0.20705328773840728,17.99477767944336,17.153616152800694,86.90892028808594,82.8463838471993,9
232,786830,0.21006940537202395,14.242626190185547,17.360112109225685,67.79962158203125,82.63988789077432,9
233,801764,0.2088536272902422,9.495758056640625,17.276998850423855,45.46609115600586,82.72300114957615,7
234,801764,0.2088536272902422,9.495758056640625,17.276998850423855,45.46609115600586,82.72300114957615,7
235,801764,0.18954386972329565,6.416748046875,15.934163888162121,33.85363006591797,84.06583611183788,7
236,801764,0.18509523759505736,4.4366278648376465,15.61859601855085,23.969432830810547,84.38140398144915,7
237,801764,0.13947180340812546,2.260067939758301,12.240039901906265,16.204479217529297,87.75996009809374,7
238,801764,0.1092073800090071,1.2265942096710205,9.845533123672537,11.231788635253906,90.15446687632746,7
239,801764,0.1497757615700812,1.1244916915893555,13.02651930716945,7.5078349113464355,86.97348069283055,7
240,803830,0.7560721694704275,27.373476028442383,43.05473218099194,36.2048454284668,56.94526781900806,5
241,803830,0.7560721694704275,27.373476028442383,43.05473218099194,36.2048454284668,56.94526781900806,5
242,803830,0.5394775548061779,13.942779541015625,35.042898360028296,25.844966888427734,64.9571016399717,5
243,803830,0.3264150008119927,5.639371871948242,24.608814029709475,17.27669334411621,75.39118597029052,5
244,803830,0.17113815163358223,1.8166358470916748,14.612977247378307,10.615025520324707,85.38702275262169,5
245,804324,0.2374749386461482,3.417933225631714,19.190282665922606,14.392816543579102,80.80971733407739,7
246,804324,0.2374749386461482,3.417933225631714,19.190282665922606,14.392816543579102,80.80971733407739,7
247,804324,0.29772873856391324,2.9103803634643555,22.942293694858332,9.775275230407715,77.05770630514166,7
248,804324,0.3415306207744181,2.392475128173828,25.458279929329123,7.005155563354492,74.54172007067088,7
249,804324,0.2660547490045815,1.1252126693725586,21.01447423294794,4.229252338409424,78.98552576705207,7
250,804324,-0.03202472846218421,-0.11270958930253983,-3.3084242339483256,3.5194549560546875,103.30842423394833,7
251,804324,0.12391089868342789,0.4475540816783905,11.024975274159155,3.6119024753570557,88.97502472584084,7
252,804330,0.44320904451575627,12.263703346252441,30.709968607802576,27.670246124267578,69.29003139219742,7
253,804330,0.44320904451575627,12.263703346252441,30.709968607802576,27.670246124267578,69.29003139219742,7
254,804330,0.48127199070539356,15.449529647827148,32.49045372661155,32.1014518737793,67.50954627338845,7
255,804330,0.5937884499282665,20.93549156188965,37.25641567768871,35.25749206542969,62.74358432231129,7
256,804330,0.7255317091963908,26.70987319946289,42.0468488251823,36.814205169677734,57.9531511748177,7
257,804330,0.8088492139650837,28.183120727539062,44.71623216133354,34.84347915649414,55.28376783866646,7
258,804330,0.8115364357269935,24.086166381835938,44.79823975504601,29.679710388183594,55.20176024495399,7
259,805633,0.7770544226678012,60.3759880065918,43.72710327583829,77.69853210449219,56.27289672416171,7
260,805633,0.7770544226678012,60.3759880065918,43.72710327583829,77.69853210449219,56.27289672416171,7
261,805633,0.5865553213624283,36.22320556640625,36.9703667728859,61.755821228027344,63.0296332271141,7
262,805633,0.45906035369036013,21.0856876373291,31.46273918890824,45.93227767944336,68.53726081109176,7
263,805633,0.3995286987390647,13.869003295898438,28.54737449107179,34.713409423828125,71.45262550892821,7
264,805633,0.39602559186325414,10.24698543548584,28.36807535416917,25.874553680419922,71.63192464583082,7
265,805633,0.3828065816748184,7.397399425506592,27.683306309633938,19.32411766052246,72.31669369036607,7
266,809167,0.3758095389450273,55.13470458984375,27.31552066670497,146.70916748046875,72.68447933329503,9
267,809167,0.443948390179472,74.45855712890625,30.74544721950156,167.7189483642578,69.25455278049844,9
268,809167,0.3826692926385381,59.8781623840332,27.676125786253124,156.47496032714844,72.32387421374688,9
269,809167,0.3191323999584271,42.542877197265625,24.19259810224392,133.30792236328125,75.80740189775608,9
270,809167,0.283842645555753,31.262136459350586,22.10883448515472,110.13896942138672,77.89116551484528,9
271,809167,0.28643156401242204,26.285449981689453,22.265588938056887,91.76869201660156,77.73441106194312,9
272,809167,0.30168166524144735,22.547300338745117,23.17630134134898,74.73871612548828,76.82369865865101,9
273,809167,0.2908429904404171,16.73284149169922,22.531244511866287,57.5322151184082,77.46875548813371,9
274,809167,0.2595366394442797,11.38607406616211,20.60572366984019,43.87077713012695,79.39427633015981,9
275,810765,0.32791499512368344,12.152865409851074,24.69397486494541,37.0610237121582,75.3060251350546,6
276,810765,0.27536534426873677,7.7177019119262695,21.59109509335339,28.027135848999023,78.40890490664661,6
277,810765,0.21731858029511866,4.724521636962891,17.85223554563945,21.74007225036621,82.14776445436055,6
278,810765,0.21303042423805538,3.5285370349884033,17.56183686586978,16.563535690307617,82.43816313413022,6
279,810765,0.25509502329591516,3.1738147735595703,20.32475777220663,12.441696166992188,79.67524222779336,6
280,810765,0.23414526421876308,2.018010377883911,18.972261289434304,8.61862564086914,81.0277387105657,6
281,812706,0.45005143519724,20.736154556274414,31.03692905459059,46.075077056884766,68.96307094540941,5
282,812706,0.45005143519724,20.736154556274414,31.03692905459059,46.075077056884766,68.96307094540941,5
283,812706,0.3454219489165661,11.504834175109863,25.673874965004515,33.306610107421875,74.32612503499548,5
284,812706,0.27912940739491104,5.85098123550415,21.821827078730763,20.961536407470703,78.17817292126924,5
285,812706,0.22886508087824903,2.9008686542510986,18.624101574656432,12.675016403198242,81.37589842534356,5
286,829342,0.8309194504181037,322.25946044921875,45.382632765649916,387.83477783203125,54.617367234350084,5
287,829342,0.6852029531680828,190.43617248535156,40.65996631918674,277.9266662597656,59.34003368081326,5
288,829342,0.4608349403501866,80.59992980957031,31.54599658190793,174.8997802734375,68.45400341809207,5
289,829342,0.3725954500324379,38.33131408691406,27.14532166222994,102.87649536132812,72.85467833777005,5
290,829342,0.34285722176607186,20.126493453979492,25.53191926950803,58.7022590637207,74.46808073049198,5
291,834892,1.1948648574084169,306.635986328125,54.43910832939626,256.628173828125,45.56089167060374,5
292,834892,1.1948648574084169,306.635986328125,54.43910832939626,256.628173828125,45.56089167060374,5
293,834892,0.8264739876950413,146.91522216796875,45.24969932574995,177.76145935058594,54.75030067425005,5
294,834892,0.5570749569695267,58.47711944580078,35.777016030990545,104.97172546386719,64.22298396900946,5
295,834892,0.4053539204721357,24.3941650390625,28.843547135511244,60.17991638183594,71.15645286448876,5
296,837822,1.2924145437680932,706.8881225585938,56.377872286734075,546.9515380859375,43.622127713265925,7
297,837822,1.2924145437680932,706.8881225585938,56.377872286734075,546.9515380859375,43.622127713265925,7
298,837822,1.0862056863694773,511.4601745605469,52.06608789662291,470.8686218261719,47.93391210337709,7
299,837822,0.7841262350197885,271.9820861816406,43.95015440211222,346.8600769042969,56.04984559788778,7
300,837822,0.603970115195355,141.95065307617188,37.654698767364174,235.02926635742188,62.345301232635826,7
301,837822,0.45150918976434157,73.91728210449219,31.106188851456455,163.71157836914062,68.89381114854355,7
302,837822,0.38078718760903146,44.93062210083008,27.577543521996454,117.99404907226562,72.42245647800354,7
303,847062,0.615595923434781,48.26298904418945,38.10333478225266,78.40043640136719,61.89666521774734,5
304,847062,0.615595923434781,48.26298904418945,38.10333478225266,78.40043640136719,61.89666521774734,5
305,847062,0.4060526155951343,21.600400924682617,28.87890617260194,53.19606399536133,71.12109382739806,5
306,847062,0.2533550228616064,8.737804412841797,20.21414668951157,34.488380432128906,79.78585331048843,5
307,847062,0.1874183621942095,4.26162576675415,15.783684012421906,22.738571166992188,84.2163159875781,5
308,856060,0.9060149767863545,25.000091552734375,47.53451509147873,27.593463897705078,52.46548490852127,5
309,856060,0.9060149767863545,25.000091552734375,47.53451509147873,27.593463897705078,52.46548490852127,5
310,856060,0.8029362991020341,16.74066162109375,44.534923363734066,20.849302291870117,55.465076636265934,5
311,856060,0.7608967600480363,10.118769645690918,43.21075359507615,13.298479080200195,56.78924640492385,5
312,856060,0.6482999764732493,5.586983680725098,39.331431518938125,8.617898941040039,60.668568481061875,5
313,880457,0.5452315964229344,37.82743453979492,35.284781756022475,69.37865447998047,64.71521824397752,5
314,880457,0.47351151841632316,29.150009155273438,32.13490444412923,61.56135177612305,67.86509555587077,5
315,880457,0.40994574635767717,19.891305923461914,29.07528516020513,48.52180099487305,70.92471483979487,5
316,880457,0.39099385137767034,14.07585620880127,28.108956124458896,36.00019836425781,71.8910438755411,5
317,880457,0.4053007635332818,10.334421157836914,28.840855569896164,25.498153686523438,71.15914443010384,5
318,884940,0.811394672453772,93.64271545410156,44.79391955783061,115.40957641601562,55.20608044216939,5
319,884940,0.811394672453772,93.64271545410156,44.79391955783061,115.40957641601562,55.20608044216939,5
320,884940,0.660759028889509,61.78312683105469,39.786568514478304,93.50326538085938,60.213431485521696,5
321,884940,0.5085676655740671,31.736085891723633,33.71195586248615,62.40287780761719,66.28804413751385,5
322,884940,0.3999600998706579,15.27824878692627,28.56939279252388,38.199432373046875,71.43060720747611,5
323,890018,1.1332780212616569,220.30296325683594,53.12378461535065,194.3944549560547,46.87621538464935,6
324,890018,0.9831148071755816,161.9322967529297,49.57427596316356,164.71351623535156,50.42572403683644,6
325,890018,0.7403250110145835,83.0088119506836,42.539468566448114,112.12482452392578,57.460531433551886,6
326,890018,0.45759310117868063,31.920913696289062,31.393747734443075,69.75829315185547,68.60625226555692,6
327,890018,0.371626806915717,15.155059814453125,27.093871674276233,40.78031921386719,72.90612832572377,6
328,890018,0.28504305527993157,7.413423538208008,22.181595714537227,26.00808334350586,77.81840428546278,6
329,900827,1.116432391589582,93.42959594726562,52.75067590281335,83.68585205078125,47.24932409718665,7
330,900827,1.116432391589582,93.42959594726562,52.75067590281335,83.68585205078125,47.24932409718665,7
331,900827,1.035799754216937,76.0791015625,50.879255293718884,73.44962310791016,49.120744706281116,7
332,900827,0.7981241759185823,44.015830993652344,44.3864882418844,55.14910125732422,55.6135117581156,7
333,900827,0.6014749653337198,22.670581817626953,37.55756276891801,37.691646575927734,62.44243723108199,7
334,900827,0.4480920000372365,10.833539962768555,30.94361408154414,24.177043914794922,69.05638591845586,7
335,900827,0.33545574427391023,5.446831226348877,25.119195878430112,16.23710823059082,74.8808041215699,7
336,905927,0.523280569695902,15.216873168945312,34.35221193692285,29.07975959777832,65.64778806307716,6
337,905927,0.523280569695902,15.216873168945312,34.35221193692285,29.07975959777832,65.64778806307716,6
338,905927,0.4121240429145849,9.815686225891113,29.184691315358688,23.817310333251953,70.81530868464131,6
339,905927,0.31943693077396096,5.619932651519775,24.210094724769018,17.593246459960938,75.78990527523098,6
340,905927,0.2685012708962671,3.378350019454956,21.1668113431653,12.582249641418457,78.8331886568347,6
341,905927,0.22424196356168766,1.9138219356536865,18.316800945893114,8.534628868103027,81.68319905410688,6
342,906741,0.4709467998942675,14.41871166229248,32.016575985489034,30.61643409729004,67.98342401451096,8
343,906741,0.4709467998942675,14.41871166229248,32.016575985489034,30.61643409729004,67.98342401451096,8
344,906741,0.45757716116786157,13.647655487060547,31.39299745896367,29.825910568237305,68.60700254103634,8
345,906741,0.44411345359650073,11.519344329833984,30.75336307479553,25.937841415405273,69.24663692520447,8
346,906741,0.4482107871418822,10.646467208862305,30.949278317864835,23.753259658813477,69.05072168213516,8
347,906741,0.48476892643139147,10.449358940124512,32.64945257148684,21.555339813232422,67.35054742851317,8
348,906741,0.47516148492081467,9.155312538146973,32.210811479146024,19.267791748046875,67.78918852085398,8
349,906741,0.4523659985447806,7.865594387054443,31.14683206561124,17.387678146362305,68.85316793438876,8
350,911899,0.660306558644672,110.70323181152344,39.77015902314378,167.654296875,60.22984097685622,6
351,911899,0.660306558644672,110.70323181152344,39.77015902314378,167.654296875,60.22984097685622,6
352,911899,0.44283969005793383,53.25797653198242,30.692230960194383,120.26468658447266,69.30776903980562,6
353,911899,0.3352446021997198,27.051496505737305,25.107354985553084,80.69181823730469,74.89264501444691,6
354,911899,0.30466492092066166,16.51466941833496,23.351966933062712,54.20600891113281,76.64803306693729,6
355,911899,0.2911147803627626,11.301111221313477,22.547552300576136,38.82012176513672,77.45244769942386,6
356,914962,0.8286701530761668,28.65714454650879,45.315452416729606,34.582088470458984,54.684547583270394,7
357,914962,0.641583704395474,18.973886489868164,39.08321596258426,29.573516845703125,60.91678403741574,7
358,914962,0.47270049429335637,11.598990440368652,32.0975307691583,24.537715911865234,67.9024692308417,7
359,914962,0.483235635300611,9.191387176513672,32.57982911141913,19.0205078125,67.42017088858087,7
360,914962,0.5629147981164233,10.180769920349121,36.01698562166222,18.0858097076416,63.98301437833778,7
361,914962,0.6528902466900187,12.170608520507812,39.4999152543527,18.641124725341797,60.5000847456473,7
362,914962,0.7147884462464719,12.481639862060547,41.68376850281933,17.462005615234375,58.31623149718067,7
363,920814,0.9359473956637869,19.758594512939453,48.34570390498005,21.110795974731445,51.65429609501995,5
364,920814,0.9359473956637869,19.758594512939453,48.34570390498005,21.110795974731445,51.65429609501995,5
365,920814,0.8290448539263705,13.999268531799316,45.32665517451243,16.88602066040039,54.67334482548757,5
366,920814,0.6119037690156631,8.036593437194824,37.96155705928604,13.133753776550293,62.03844294071396,5
367,920814,0.4267482771135916,3.747499704360962,29.91055142375446,8.781522750854492,70.08944857624554,5
368,922130,0.6547402705659674,12.636802673339844,39.56755523584544,19.30048179626465,60.43244476415456,6
369,922130,0.6547402705659674,12.636802673339844,39.56755523584544,19.30048179626465,60.43244476415456,6
370,922130,0.6011509147197553,9.698042869567871,37.54492529050411,16.13245964050293,62.45507470949589,6
371,922130,0.6223414348469772,6.846836566925049,38.360694085685964,11.001736640930176,61.639305914314036,6
372,922130,0.7130506836072366,6.007293701171875,41.624611018848455,8.42477798461914,58.375388981151545,6
373,922130,0.6294860667583962,4.296687126159668,38.63095730610687,6.825706481933594,61.36904269389313,6
374,930422,0.41926713579275104,3.2173843383789062,29.541100841355256,7.673829078674316,70.45889915864474,7
375,930422,0.41926713579275104,3.2173843383789062,29.541100841355256,7.673829078674316,70.45889915864474,7
376,930422,0.43145867854938796,4.233810901641846,30.141189893558067,9.812784194946289,69.85881010644194,7
377,930422,0.47792851841295014,5.814192295074463,32.33772895364155,12.165401458740234,67.66227104635846,7
378,930422,0.4524741029047532,5.516778469085693,31.15195665105944,12.192473411560059,68.84804334894056,7
379,930422,0.4232402592557954,4.181999683380127,29.737794199069764,9.880911827087402,70.26220580093023,7
380,930422,0.3233844058885455,2.280653953552246,24.43616567110892,7.052454948425293,75.56383432889108,7
381,931801,0.586875762561849,355.41180419921875,36.983094480843164,605.5997314453125,63.016905519156836,9
382,931801,0.586875762561849,355.41180419921875,36.983094480843164,605.5997314453125,63.016905519156836,9
383,931801,0.5489905059815204,283.0962829589844,35.441825102320536,515.6669921875,64.55817489767946,9
384,931801,0.4807814660586275,192.60638427734375,32.46809046971096,400.611083984375,67.53190953028904,9
385,931801,0.4162486226489811,122.73112487792969,29.390928682452728,294.85052490234375,70.60907131754728,9
386,931801,0.3609942322621722,79.95757293701172,26.52430287394729,221.49266052246094,73.47569712605271,9
387,931801,0.3635148421231046,61.066200256347656,26.660130927293913,167.98818969726562,73.3398690727061,9
388,931801,0.3483543533834062,45.70311737060547,25.83551961020377,131.19720458984375,74.16448038979622,9
389,931801,0.34168886829694245,34.738224029541016,25.467071865227695,101.66624450683594,74.5329281347723,9
